docking_score,smile
-6.0,C[C@H](C(=O)O)c1ccc2oc(c3ccc(Cl)cc3)nc2c1
-5.1,CC(C)(C)C(=O)[C@H](Oc1ccc(Cl)cc1)n1ccnc1
-5.1,CCN(CC)CC(=O)N1c2ccccc2Sc2ccccc12
-4.6,CN(C)CCO[C@@](C)(c1ccccc1)c1ccccn1
-4.4,CCN(CC)C(=O)c1ccc(O)c(OC)c1
-5.1,CN1[C@@H]2CC[C@H]1CC(OC(=O)[C@H](O)c1ccccc1)C2
-5.4,C[C@@H]1C[C@H](OC(=O)c2ccccc2O)CC(C)(C)C1
-5.1,CCn1ccnc1C[C@H]1COc2ccccc2O1
-5.2,Cc1cc(=O)c2c(O)c3ccoc3c(OC[C@H](O)CNC(C)C)c2o1
-5.0,C[C@H](CCc1ccccc1)NC[C@@H](O)c1ccc(O)c(C(N)=O)c1
-4.9,Cc1cccc(C)c1NC(=O)[C@H]1CCCCN1C
-5.5,C[C@@H]1C[C@@H]2Oc3ccc(Cl)cc3C(=O)N2O1
-5.1,CC(=O)Oc1c(C)cc(OC[C@H](O)CNC(C)C)c(C)c1C
-5.9,CC(C)(Oc1ccc([C@@H]2CCCc3ccccc23)cc1)C(=O)O
-5.0,CC[C@@H](C)[C@H](C(=O)OC1CC[N+](C)(C)CC1)c1ccccc1
-5.3,c1ccc2c(c1)OC[C@H](CN1CCCCC1)O2
-5.5,CC(C)NC[C@@H](O)c1ccc(O)c2ncccc12
-5.9,CC(C)=C[C@@H]1[C@@H](C(=O)OCN2C(=O)C3=C(CCCC3)C2=O)C1(C)C
-4.8,O=C(OC[C@@H]1CCCO1)c1cccnc1
-6.3,COc1ccc(C[C@H](C)NC[C@@H](O)c2ccc(O)c(NC=O)c2)cc1
-5.6,CC(C)/C=c1\[nH]c(=O)/c(=C\c2ccccc2)[nH]c1=O
-5.8,Nc1c(CC(=O)O)cccc1C(=O)c1ccccc1
-5.5,CNC(=O)Oc1ccccc1C(=O)Nc1ccccc1
-5.6,C=C(C(=O)OC1C[C@H]2CC[C@@H](C1)N2C)c1ccccc1
-5.8,Nc1ncnc2c1ncn2Cc1c(F)cccc1Cl
-6.0,Cc1cc(Cc2cnc(N)nc2N)c2cccnc2c1N(C)C
-5.3,CC(=O)Oc1ccc(Br)cc1C(=O)O
-6.0,CN(C)c1cccc(F)c1C(=O)NC(=O)Nc1ccc(Cl)cc1
-5.7,COC(=O)[C@H]1[C@H]2CC[C@@H](C[C@H]1OC(=O)c1ccccc1)N2C
-5.3,O=C(O)c1cccnc1Nc1cccc(Cl)c1Cl
-5.0,COc1ccc(/C(C)=C\C(=O)O)c(OC)c1
-5.4,CN1[C@@H]2CC[C@H]1CC(OC(=O)C(c1ccccc1)c1ccccc1)C2
-6.6,CC(=O)Oc1ccc2c(c1)CC[C@H]1[C@@H]3CCC(=O)[C@@]3(C)CC[C@H]21
-5.2,CCOc1cc(NC(C)=O)ccc1C(=O)OC
-6.0,CC(C)Oc1cccc(NC(=O)c2ccccc2C(F)(F)F)c1
-4.9,CCOC(=O)C1(c2cccc(O)c2)CCN(C)CC1
-5.2,Cn1cc2c(cccc2NC2=NCCN2)n1
-5.6,O=C(O)c1ccccc1Nc1cc(Cl)ccc1C(=O)O
-5.3,CCc1cc2cc(OC)c(OC)cc2c(Cc2ccccc2)n1
-5.4,O=[N+]([O-])c1ccc(-c2nc3ccccc3c(N(CCO)CCO)n2)o1
-5.8,O=[N+]([O-])c1ccc(S(=O)(=O)/N=c2/cccc[nH]2)cc1
-5.7,O=C(Nc1ccc(O)cc1)c1ccccc1O
-5.6,CC(=O)Nc1ccc(OC(=O)c2cccs2)cc1
-6.1,NNc1nnc(Cc2ccncc2)c2ccccc21
-5.4,CCc1[nH]c(=O)[nH]c1C(=O)c1ccncc1
-5.1,CCc1ncnc2cc(OC)c(OC)cc21
-6.0,CN1C(=O)CC2(CCN(CCCC(=O)c3ccc(F)cc3)CC2)C1=O
-4.6,c1csc(C2(N3CCCCC3)CCCCC2)c1
-4.7,Cc1cccc(C)c1NC1=NCCCS1
-5.3,CCOc1ccccc1O[C@H](c1ccccc1)[C@@H]1CNCCO1
-5.2,CCOc1ccccc1O[C@@H](c1ccccc1)[C@H]1CNCCO1
-5.1,O=c1[nH]c2sccc2c2ccccc12
-6.7,Nc1nc2c(cnn2Cc2ccccc2F)c(-c2ccco2)n1
-5.6,CCn1cc(C(=O)O)c(=O)c2cc(F)c(N3CCNCC3)cc21
-4.2,COc1nc(C(Cl)(Cl)Cl)c(Cl)c(OC)c1Cl
-5.5,Nc1ncnc2c1ncn2[C@H]1O[C@@H](CO)C[C@H]1F
-5.3,CCOC(=O)CC(=O)N1CCS[C@H]1COc1ccccc1OC
-4.9,CC(C)Cn1cnc2c1c(=O)n(C)c(=O)n2C
-5.2,C[C@H](CCc1ccccc1)NC[C@H](O)c1ccc(O)c(C(N)=O)c1
-6.1,CCCC(=O)O[C@@H]1C[C@@H](n2cc(C)c(=O)[nH]c2=O)O[C@H]1CO
-5.8,Nc1ccc(C(=O)N2C[C@@H]3C[C@@H](CN(Cc4ccccc4)C3)C2)cc1
-5.8,CCC[C@@H]1C(=O)N2c3cc(C)ccc3N=C(N(C)C)N2C1=O
-5.0,Cn1cc([S@@](C)=O)c(=O)c2ccc(F)cc21
-5.2,Nc1c2ccc(Cl)cc2nc2c1CCCC2
-5.2,S=C(NCCc1ccccn1)Nc1ccc(Br)cn1
-6.1,O=S(=O)(c1cccc2cnccc21)N1CCCNCC1
-6.0,Cc1onc(-c2ccccc2)c1-c1ccc(S(N)(=O)=O)cc1
-5.8,O=C1[C@@H](CSCc2ccccc2)NC(=S)N1c1ccccc1
-5.4,COc1ccc(/C=C\c2cc(OC)c(OC)c(OC)c2)cc1N
-5.7,Cc1nccn1CCC(C(N)=O)(c1ccccc1)c1ccccc1
-5.0,Cc1sc(N)nc1-c1ccc(Cl)cc1
-5.3,CC(C)(C)NC[C@H](O)c1ccc(O)c(CO)c1
-6.1,N#C[C@H]1C=Cc2ccccc2N1C(=O)/C=C/c1ccccc1
-5.9,Cc1ccc(S(=O)(=O)Nc2cc(C)c(O)c(C)c2)cc1
-6.1,Cc1ccc(S(=O)(=O)c2nc(c3ccccc3)oc2N(C)C)cc1
-5.9,O=S(=O)(c1ccc(Cl)cc1)N1CCC[C@H]1c1cccs1
-6.0,O=C(c1ccccc1Cl)N1CCC(Cc2ccccc2)CC1
-6.2,O=c1cc(N2CCOCC2)oc2c3ccccc3ccc12
-5.8,Oc1ccc(NC2Cc3ccccc3C2)cc1
-5.8,O=Cc1c(O)cccc1OCc1ccc(C(=O)O)cc1
-5.0,Nc1ccn([C@@H]2CS[C@H](CO)O2)c(=O)n1
-5.8,COc1ccccc1NC(=O)c1ccc(C(C)(C)C)cc1
-6.4,COc1cccc(NC(=O)c2ccc(C(C)(C)C)cc2)c1
-5.2,CCN(CC)c1nc2ccccc2n2cnnc12
-5.5,C[N+](C)(C)CCCC(=O)c1ccc(C(=O)CCC[N+](C)(C)C)cc1
-5.2,Cc1sc(-c2ccc(Cl)cc2)nc1O
-5.5,CCN1c2ncccc2NC(=O)c2cc(Br)cnc21
-5.3,CN1CC[C@@H]2CN3CCc4cccc(c43)[C@@H]2C1
-4.8,Nc1ccc2oc(=O)ccc2c1I
-5.9,CN1C(=O)N(c2ccccc2)C2(CCNCC2)C1=O
-4.7,CCN(CC)CC(=O)Nc1c(C)cccc1C
-6.3,NS(=O)(=O)c1cc([C@]2(O)NC(=O)c3ccccc32)ccc1Cl
-6.0,CC(=CCc1c(O)cc(O)c2c(=O)cc(c3ccc(O)cc3)oc12)C
-6.2,CC(=O)Oc1ccccc1C(=O)Oc1cccc(CO[N+](=O)[O-])c1
-6.0,CNc1cc(NS(=O)(=O)c2ccc(N)cc2)nc(NC)n1
-5.4,O=C1NC(=O)c2ccc(Cl)c3cccc1c32
-5.6,CC(C)(C)NC(=O)c1ccc2ccccc2c1
-5.7,Nc1nc2c(ncn2[C@@H]2CC[C@H](CO)O2)c(=O)[nH]1
-5.6,c1ccc(CSc2ncnc3ccccc32)nc1
-6.3,c1ccc2[nH]c(CSc3ncnc4ccccc34)nc2c1
-6.0,c1nn2cc(-c3ccncc3)cnc2c1-c1cccnc1
-5.2,CCOC(=O)Cn1nc(C(F)(F)F)c(Br)c1C
-5.2,O=C([C@@H]1CC12CCC2)N1CCc2ccccc21
-6.4,O=C1c2ccccc2C(=O)N1CSc1nc2ccccc2s1
-5.5,CC(=O)N1c2ccccc2[C@H](Nc2ccccc2)C[C@H]1C
-5.8,CC(=O)N1c2ccccc2[C@@H](Nc2ccccc2)C[C@@H]1C
-5.6,Cc1ccccc1N[C@H]1C[C@@H](C)Nc2c(C)cccc12
-6.2,O=C1OC(=N/C/1=C\c1ccccc1)c1ccc(Cl)c([N+](=O)[O-])c1
-5.2,CN1C(=O)C[C@H]2C[C@]1(C)Oc1ccccc12
-7.2,O=C1OC(=N/C/1=C/c1ccc2ccccc2c1)c1ccccc1Cl
-5.7,CC(C)(C)c1ccc(C2=N/C(=C/c3cccs3)/C(=O)O2)cc1
-6.2,O=C(O)[C@@H](Cc1ccccc1)N1C(=O)c2ccccc2C1=O
-5.1,Cc1ccccc1C[N+](C)(C)CCC(=O)c1ccccc1
-6.4,CCc1ccc([C@H](C)NC(=O)/C=C/c2ccc(OC)cc2)cc1
-6.6,O=C(Nc1ccccc1)Nc1ccccc1NC(=O)Nc1ccccc1
-6.3,O=C1N[C@@H](SCc2ccc(Cl)cc2)Nc2ccccc12
-6.0,O=C1N[C@H](SCc2ccc(Cl)cc2)Nc2ccccc12
-6.6,O=C(Cc1ccccc1)Nc1cccc(C(=O)Nc2nccs2)c1
-5.8,CCN(CC)c1ccc(Nc2cc(=O)[nH]c(=O)[nH]2)cc1
-6.3,O=C(Nc1cc([N+](=O)[O-])cc2c1C=Cc1ccccc1O2)c1ccco1
-6.1,Cc1[nH]c2c(c1CCNC(=O)c1ccnn1C)c(F)ccc2C
-6.5,COc1ccccc1C(=O)NCCc1c(C)[nH]c2c1c(F)ccc2C
-6.4,Cc1cc(C)n(c2ccc(Cl)c(C(=O)OCc3ccccc3)c2)n1
-5.8,CC(=O)Cn1c2ccccc2nc1SCCc1ccccc1
-5.0,CC(=O)CCn1c2ccccc2nc1SC1CCCCC1
-6.9,Cc1ccc(C(=O)Nc2sc3c(c2C(=O)N)CCCCC3)cc1C
-4.6,C[C@@H]1CCCCN1C(=O)c1cccs1
-5.3,O=C(NC[C@@H]1CCCO1)c1ccccc1Cl
-5.6,COc1ccc(CNC(=O)c2ccccc2Br)cc1
-5.0,CC[C@@H](C)NC(=O)Cc1ccc(OC)cc1
-5.7,COc1ccc(CC(=O)N2CCC[C@@H](C)C2)cc1
-4.7,CCN(Cc1ccccc1)C(=O)c1cccs1
-5.7,O=C(c1cccs1)N1CCN(c2ccc(F)cc2)CC1
-4.9,C[C@@H](NC(=O)c1cccs1)c1ccccc1
-5.3,O=S(=O)(NC[C@@H]1CCCO1)c1ccccc1
-5.1,CCN(C1CCCCC1)S(=O)(=O)c1ccc(C)cc1
-6.1,COc1ccccc1N1CCN(S(=O)(=O)c2ccc(C)cc2)CC1
-5.3,COc1ccc(S(=O)(=O)N(CCO)C2CCCCC2)cc1
-5.5,CCN(Cc1ccccc1)S(=O)(=O)c1ccc(F)cc1
-5.3,COc1ccc(S(=O)(=O)NC(C)(C)C)cc1
-5.6,O=C(c1cccnc1)N1CCc2ccccc21
-6.1,COc1ccc(S(=O)(=O)N2CCc3ccccc32)cc1
-6.3,COc1ccc(S(=O)(=O)N2CCC(Cc3ccccc3)CC2)cc1
-5.7,Cc1cc(C)c(S(=O)(=O)NCc2ccncc2)c(C)c1
-7.2,Cc1cccnc1NC(=O)c1cccc(C(=O)Nc2ncccc2C)c1
-5.3,O=S(=O)(Nc1ccncc1)c1ccccc1
-5.9,COC(=O)c1ccc(NS(=O)(=O)c2ccc(F)cc2)cc1
-5.1,Cc1cccnc1NS(=O)(=O)c1cc(Cl)ccc1Cl
-5.8,CC(=O)Nc1cccc(NC(=O)c2cccc(Cl)c2)c1
-5.2,CCN(C(=O)c1ccccc1F)c1ccccc1
-5.7,O=C(c1ccc(F)cc1)N1CCCCCC1
-5.3,CCc1ccccc1NC(=O)c1ccc(F)cc1
-5.6,COC(=O)c1ccc(C(=O)OC)c(NC(=O)C(C)C)c1
-4.9,CCOC(=O)c1ccccc1NC(=O)C(C)C
-4.7,C[C@@H]1CCCCN1S(=O)(=O)Cc1ccccc1
-5.7,Cc1ccc(C(=O)Nc2ccccn2)cc1C
-5.3,CCOc1ccc(C(=O)N2CCC[C@@H](C)C2)cc1
-5.6,CCOc1ccc(C(=O)Nc2ccccc2OC)cc1
-5.0,Cc1cc(C)cc(NC(=O)c2ccco2)c1
-5.2,COc1cccc(C(=O)N2CCC[C@H](C)C2)c1
-5.6,CC(=O)Nc1ccc(C(=O)N(C)c2ccccc2)cc1
-6.3,CCOC(=O)c1ccc(NC(=O)c2ccc(NC(C)=O)cc2)cc1
-6.1,CC(=O)Nc1ccc(C(=O)NC2CCCCCC2)cc1
-6.1,CC(=O)Nc1ccc(C(=O)NCc2cccnc2)cc1
-6.1,CC(=O)Nc1ccc(C(=O)Nc2cccnc2)cc1
-5.6,CC(=O)Oc1ccccc1C(=O)n1cnc2ccccc21
-6.1,C[C@H]1CN(C(=O)c2cc(Cl)ccc2Cl)C[C@H](C)O1
-5.3,COc1ccccc1CC(=O)Nc1cccc(C)c1C
-5.5,CC[C@H](C)NC(=O)c1ccc2c(c1)OCO2
-6.1,COc1ccc(NC(=O)c2ccc3c(c2)OCO3)cc1
-5.3,CCOc1cc(C(=O)NC[C@H]2CCCO2)cc(OCC)c1OCC
-5.6,CCN(Cc1ccccc1)C(=O)c1cc(OC)c(OC)c(OC)c1
-5.8,COc1cc(C(=O)N(C)Cc2ccccc2)cc(OC)c1OC
-6.9,COc1cccc(NC(=O)C2c3ccccc3Oc3ccccc23)c1
-6.7,Cc1ccnc(NC(=O)C2c3ccccc3Oc3ccccc23)c1
-5.0,O=C(NC1CCCCCC1)N1CCOCC1
-5.9,COc1ccc(C(=O)Nc2ccc(C)cn2)cc1OC
-6.3,Cc1ccc(NC(=O)c2ccc3c(c2)OCO3)nc1
-6.0,CC(=O)Nc1ccc(S(=O)(=O)Nc2ccc(Cl)cn2)cc1
-6.1,COc1ccccc1CC(=O)Nc1ccc(C(N)=O)cc1
-6.7,CC(=O)Nc1ccc(C(=O)NCc2ccc(S(N)(=O)=O)cc2)cc1
-4.6,CCC[C@@H](C)NC(=O)c1ccccc1Cl
-5.4,CCC[C@H](C)NC(=O)c1ccc(NC(C)=O)cc1
-4.9,CC(C)CCNC(=O)c1ccccc1Cl
-6.3,COC(=O)c1ccc(C(=O)OC)c(NC(=O)COc2ccccc2)c1
-5.1,CC(C)CC(=O)Nc1ccccc1C(F)(F)F
-4.9,O=C(Cc1ccc(Br)cc1)NC[C@@H]1CCCO1
-5.3,C[C@@H]1CCCN(C(=O)Cc2ccc(Cl)cc2)C1
-4.9,CC(C)CC(=O)Nc1ccc(Cl)cn1
-5.3,O=C(Cc1cccs1)Nc1ccccc1F
-5.6,C[C@H](Oc1ccccc1)C(=O)Nc1ccccc1
-4.8,CCC[C@@H](C)C(=O)Nc1cc(C)ccn1
-5.9,CCOC(=O)c1ccc(NC(=O)[C@@H](C)Oc2ccccc2)cc1
-4.9,CC[C@H](C(=O)N1CCCC1)c1ccccc1
-5.6,C[C@@H](Oc1ccccc1)C(=O)Nc1ccc(F)cc1
-5.4,COc1ccc(Cl)cc1NC(=O)[C@@H](C)Oc1ccccc1
-5.3,COc1ccc(CNC(=O)Cc2cccs2)cc1
-5.4,CC[C@@H](C(=O)N1CCc2ccccc12)c1ccccc1
-5.0,CC[C@@H](C)C(=O)NCc1ccc(C)cc1
-4.7,CCC[C@H](C)C(=O)NCc1ccc(C)cc1
-5.2,C[C@@H]1CN(C(=O)Cc2ccc(Cl)cc2)C[C@@H](C)O1
-5.7,CC[C@H](C(=O)Nc1ccc(C(=O)OC)cc1)c1ccccc1
-5.4,CC[C@H](C(=O)NCc1ccncc1)c1ccccc1
-5.4,COc1ccccc1N1CCN(C(=O)Cc2cccs2)CC1
-4.7,CC(C)(C)CC(=O)Nc1ccc(Br)cc1F
-4.5,Cc1ccccc1NC(=O)CC(C)(C)C
-5.8,COC(=O)c1ccc(NC(=O)c2ccc(SC)cc2OC)cc1
-5.0,COC[C@H](C)NS(=O)(=O)c1c(C)cc(C)cc1C
-5.8,CCOC(=O)[C@H]1CCCN(C(=O)c2ccc(F)cc2)C1
-5.2,CCOC(=O)[C@H]1CCCN(C(=O)c2cccc(Br)c2)C1
-4.7,COC[C@@H](C)NC(=O)c1ccc(Cl)c(Cl)c1
-5.8,COc1ccc(C(=O)N2Cc3ccccc3NC2=S)cc1OC
-5.3,c1ccc(OCc2nc3ccccc3[nH]2)cc1
-5.8,CC(=O)N/C(=C/c1ccccc1)C(=O)NCc1ccco1
-5.1,O=[N+]([O-])c1ccc([C@H]2OCOC[C@H]2O)cc1
-5.6,O=C(c1ccc(Br)o1)N1CCN(c2ccccc2)CC1
-5.4,CCOC(=O)C1=C(C)NC(=O)C[C@@H]1c1ccc(Cl)cc1Cl
-6.3,CC(C)(C)c1ccc(C(=O)C[C@@H](C(=O)O)N2CCCCC2)cc1
-5.1,O=C(CSc1ncccn1)Nc1cccc(Cl)c1
-6.9,O=C(CSc1nnnn1-c1ccccc1)Nc1cccc(Cl)c1
-6.2,O=C(Oc1ccc(C2SCCS2)cc1)c1ccc([N+](=O)[O-])cc1
-5.5,O=C1CCC(=O)N1c1ccc(Cl)c(Cl)c1
-5.4,CCOc1ccc(NC(=O)CCC(=O)O)cc1
-5.4,Cc1cc(C)cc(NC(=O)CSc2nc(C)cc(C)n2)c1
-5.9,O=C(CSc1ccc(F)cc1)Nc1ccc(Cl)c(Cl)c1
-6.3,COc1cccc(C(=O)Nc2ccc(N(C)C(C)=O)cc2)c1
-4.9,CCC(CC)NC(=O)c1cccc(OC)c1
-5.9,Cc1cc(C)nc(NC(=O)Cc2ccc(Cl)cc2)n1
-5.4,CCC[C@H](C)C(=O)Nc1cccc(C(=O)OCC)c1
-6.0,O=C(O)[C@H]1CS[C@H](c2ccc(OCc3cccc(F)c3)cc2)N1
-5.4,CN(C)CCCN1C(=O)CS[C@@H]1c1cccc([N+](=O)[O-])c1
-6.6,O=C(NCCc1nc2ccccc2[nH]1)[C@H]1COc2ccccc2O1
-6.0,O=C(O)c1ccc(NC(=S)Nc2ccccc2)cc1O
-5.9,Cn1c(=O)c2cc(NC(=O)c3cccs3)c(=O)oc2n(C)c1=O
-5.8,O=C(O)CCc1ccc(c2cccs2)n1c1cccc(O)c1
-6.1,C[C@@H](c1ccccc1)[C@H](CC(=O)Nc1ccc(F)cc1)C(=O)O
-8.0,O=c1oc2ccccc2cc1C1=NO[C@@H](c2ccc3c(c2)OCO3)C1
-5.6,O=S(=O)(Nc1ccccc1Br)c1ccccc1
-5.1,COC(=O)C1=C(C)N(Cc2ccco2)C(=O)C1
-5.0,Nc1ccc(I)cc1C(=O)O
-5.9,COC(=O)c1ccc(N2C(=O)[C@@H](C)S[C@H]2c2ccccc2)cc1
-5.8,Cc1ccc(-n2c(SCC(N)=O)nc3ccccc3c2=O)cc1
-6.5,NNc1nn2c(nnc2C(F)(F)F)c2ccccc21
-5.9,Cc1nonc1NCn1cnc2c1c(=O)n(C)c(=O)n2C
-5.1,Nc1c(-c2ccccc2)nc2ccccn12
-6.5,COC(=O)C1=C(C)NC(=O)N[C@H]1c1cc(Cl)cc2c1OCOC2
-5.2,COc1ccc(S(=O)(=O)n2ccnc2)c2cccnc12
-6.4,O=C(Nc1ccccc1C(=O)N1CCCCCC1)c1ccc(F)cc1
-5.3,CCOc1cc2c(cc1OCC)[C@H]([C@H]1CC=CCC1)NCC2
-6.1,Nn1c(COc2ccc(Cl)cc2)nc2ccccc2c1=O
-6.0,CC(=O)c1c(C)nc(c2ccc(OCc3ccccc3F)cc2)n1O
-5.9,O=c1[nH]nc2nc(N3CCCCC3)nc(N3CCCCC3)n21
-6.8,O=[N+]([O-])c1ccc(-c2nnn(CNc3ccc(Cl)cc3)n2)cc1
-5.5,CC1=CC=CN2C(=NC(C(F)(F)F)(C(F)(F)F)N=C12)c1ccco1
-6.5,Cc1ccc(C(=O)CSc2nnc3sc4ccccc4n23)cc1
-6.5,O=S(=O)(c1cccc2ccccc21)n1cnc2ccccc21
-5.8,COC(=O)c1ccc2nc(NC(=O)CN3C(=O)CCC3=O)sc2c1
-5.9,COc1ccccc1N1C(=O)c2ccc(NC(C)=O)cc2C1=O
-6.0,Cc1ccc(NC(=O)[C@@H]2CC=CC[C@H]2C(=O)OC[C@@H]2CCCO2)cc1
-5.7,COC(=O)c1ccc(OCc2ccc(Cl)cc2)cc1
-5.7,COc1ccc([C@H]2NC(=O)c3ccccc3O2)cc1OC
-6.2,COc1ccc(C(=O)NCc2ccc(Cl)cc2)cc1OC
-6.1,O=C(Nc1nc(c2ccccc2)cs1)Oc1ccccc1
-5.6,CC(C)(C)[C@@]1(O)CC(C(F)(F)F)=NN1C(=O)c1ccccc1F
-5.3,CCSc1nc2ccccc2n1Cc1ccc(OC)c([N+](=O)[O-])c1
-6.2,CN(C)c1nc2nonc2nc1Nc1cccc(Cl)c1
-6.9,O=C(O)c1ccc(CSc2nnnn2C2CCCCC2)cc1
-5.9,CC(=O)c1ccc2c3c1cccc3C(=O)N(c1c(C)nn(C)c1C)C2=O
-4.7,Cc1[nH]c2ccc(I)cc2c1CCN
-5.7,COc1ccc(C)cc1Cn1cnc([N+](=O)[O-])n1
-5.9,Cc1c(C)n(C)c2c1ccc1c(=O)cc(C)[nH]c21
-6.5,CCOC(=O)c1ccc(c2nnc(c3ccccc3OC)o2)cc1
-5.7,CCOC(=O)C1=C(N)Oc2cc(O)ccc2[C@H]1C(C)C
-5.4,COC(=O)c1cc(N2CCNCC2)nc2ccccc21
-5.5,Nc1ncnc2c1ncn2[C@H]1C=C[C@H](CO)O1
-6.3,COc1ccc([C@H]2Oc3ccccc3C=C2[N+](=O)[O-])cc1O
-5.5,O=C(O)Cc1csc2nc(-c3ccccc3)cn12
-5.9,Cc1ccc(N2C(=O)CCS[C@]23c2ccccc2NC3=O)cc1
-6.4,O=C(O)CSc1nc(SCc2ccccc2)nc2ccccc12
-5.9,Nc1ncnc2[nH]c(SCc3ccccc3Cl)nc21
-6.6,Cc1ccc(NC(=O)CSc2nc3c(ncnc3N)[nH]2)cc1
-6.0,Cc1c(Cl)cccc1N1C[C@@H](C(=O)Nc2nccs2)CC1=O
-5.8,Cc1cc(C)nc(SCC(=O)Nc2ncccn2)n1
-6.1,CCN1CCN(c2ccc(Nc3ccnc4ccccc34)cc2)CC1
-5.3,Cc1cc(C)c(NC(=O)CCC(=O)O)c(Cl)c1
-5.4,O=C(O)C[C@@H]1NC(=S)N(Cc2ccccc2)C1=O
-5.9,O=C(CSc1nc2ccccc2o1)NC1=NC(=O)CS1
-5.2,O=C1CCCC[C@H]1Sc1nc2ccccc2o1
-5.4,O=C(CSC1=NCCS1)Nc1ccc(OC(F)(F)F)cc1
-5.8,O=C(CSc1nc2cc(Cl)ccc2s1)NC[C@@H]1CCCO1
-6.2,CCOC(=O)c1ccc(N2C(=O)C[C@@H]([C@@H]3CCCO3)C2=O)cc1
-5.3,CCCC(=O)N1CCN(c2cc(C)c(C(C)=O)cc2F)CC1
-5.4,CCOc1cc2c(cc1OCC)[C@H](c1cc(C)ccc1C)NCC2
-5.3,CCOc1cc2c(cc1OCC)[C@@H](c1ccccc1C)NCC2
-5.6,COc1cc2c(cc1OC)[C@@H](C)N(S(=O)(=O)c1ccccc1)CC2
-6.5,O=C(NCCc1ccccc1)c1cc2c([nH]c1=O)CCCC2
-6.1,COc1ccc([C@H]2SCC(=O)N2C[C@@H](O)c2ccccc2)cc1
-5.7,S=C(NC[C@H]1COc2ccccc2O1)NC1CCCCC1
-5.2,COC(=O)c1nnn(-c2nonc2N)c1C(C)(C)C
-6.3,Cc1ccccc1C(O)(C(=O)Nc1cccc[n+]1[O-])c1ccccc1C
-5.7,COc1ccc(C(=O)c2nc3ccccc3n2C(C)C)cc1OC
-5.6,CC1(C)C(=O)O[C@@H](c2ccc(Cl)cc2Cl)C(C)(C)C1=O
-5.5,CCOc1ccc([C@@H]2NCCc3cc(OC)c(OC)cc32)cc1
-7.0,O=c1oc2ccc([N+](=O)[O-])cc2cc1c1nc2ccccc2o1
-6.5,COc1cccc2cc(-c3ccc([N+](=O)[O-])cc3)c(=O)oc21
-5.8,Cc1ccc(N2C(=O)c3ccccc3NC2(C)C)cc1Cl
-5.2,CC(=O)c1cc(F)c(N2CCN(C)CC2)cc1C
-6.0,CC(=O)c1ccc(N2CCN(C(=O)c3cccc(F)c3)CC2)c(F)c1
-5.8,O=C1c2ccccc2N[C@H](c2ccncc2)N1c1ccccn1
-6.0,COc1ccc(-c2nn(C)c3ccccc32)cc1
-5.9,COc1ccc(/C=N/NC(=O)COc2ccccc2C(=O)O)cc1
-6.6,O=C(NCc1ccc([N+](=O)[O-])cc1)c1nc2ccccc2[nH]1
-5.7,O=C(Cc1ccccc1)Sc1nc2ccccc2[nH]1
-6.3,O=C(Nc1cccnc1)c1ccc(C(=O)Nc2cccnc2)nc1
-5.6,O=C1CCC(=O)N1OC[C@@H]1CCCN2CCCC[C@H]12
-6.0,O=C(O)c1cc(c2ccccc2Cl)nc2ccccc12
-6.4,O=C(Nc1ccc(F)c(F)c1)c1ccc2c(c1)OCO2
-6.3,Cc1ccc(NC(=O)c2ccc3c(c2)OCO3)cc1Cl
-6.0,CCOc1ccccc1C(=O)Nc1nc2ccc(Cl)cc2s1
-5.8,CCOc1ccc(C(=O)Nc2ccc(C(C)C)cc2)cc1
-5.4,O=C(NC1CCCCCC1)c1ccc(Br)o1
-6.0,COc1ccccc1C(=O)Nc1sc2c(c1C(N)=O)CC[C@@H](C)C2
-6.0,CC[C@H](C(=O)Nc1cccc(NC(=O)C)c1)c1ccccc1
-5.4,COc1cc(C=O)ccc1OCc1ccccc1
-4.6,CCOc1cc(C=O)ccc1OC(=O)C1CC1
-5.2,COc1cc(C=O)ccc1OCCC(C)C
-6.4,Nc1nc(-c2ccc(-c3n[nH]c(N)n3)cc2)n[nH]1
-6.0,O=c1oc(c2ccncc2)nc2sc3c(c12)CCCCC3
-6.5,CC(=O)Nc1ccc(C2=N/C(=C/c3ccc(C)cc3)C(=O)O2)cc1
-6.6,Cc1ccc(C(=O)N/C(=C/c2ccccc2F)C(=O)N(C)C)cc1
-4.8,CCc1ccc(OC[C@H](O)CN2CCCC2)cc1
-5.1,CCCc1ccc(OC[C@@H](O)CN2CCCC2)cc1
-6.2,COc1ccc([C@H](C)NC(=O)c2ccc(C(C)(C)C)cc2)cc1
-5.4,O=C(Nc1cccc(Cl)c1)c1ccccc1Cl
-6.1,O=C(NCc1ccccc1F)C(c1ccccc1)c1ccccc1
-6.1,Cc1ccc(Cl)cc1NC(=O)CSc1nc2ccccc2s1
-5.8,C[C@@H](Oc1ccccc1Br)C(=O)N1CCc2ccccc12
-6.1,Cc1oc(CC(C)C)cc1C(=O)Nc1ccccc1C(=O)O
-6.6,O=C(Cn1cncc1-c1ccc([N+](=O)[O-])cc1)N1CCOCC1
-5.9,C[C@H](c1ccccc1)N1C(=O)c2ccccc2[C@]1(O)Cc1ccccc1
-5.9,CN1C(=O)C[C@H](N2CCN(C(=O)CN3CCCC3)CC2)C1=O
-6.3,COC(=O)c1ccc(CSc2nnc3n(N)cnn23)cc1
-5.9,Fc1cccc(Cl)c1c1nnc2cccc(Cl)n12
-5.5,COc1cc([C@H]2NC(=O)CC[C@@H]2[N+](=O)[O-])cc(OC)c1OC
-5.7,COC(=O)C1=C(C)N(C)C(=O)N[C@H]1c1ccc(OC(F)(F)F)cc1
-5.9,Cc1ccccc1[C@H]1NC(=O)NC(C)=C1C(=O)OC[C@H]1CCCO1
-5.6,Cc1ccccc1[C@@H]1NC(=O)NC(C)=C1C(=O)OC[C@@H]1CCCO1
-5.4,COC(=O)C1=CN(C)C=C(C(=O)OC)C1c1cccc(C)c1
-5.3,CCN1C=C(C(=O)OC)C(c2cccc(C)c2)C(C(=O)OC)=C1
-5.0,COC(=O)C1=CN(C)C=C(C(=O)OC)C1c1cccc(OC)c1
-5.5,CCOc1ccccc1[C@H]1CC(=O)Nc2cc(C)c(C)cc12
-6.4,O=C(Nc1ccc(C(=O)N2CCOCC2)cc1)c1ccccc1Cl
-5.8,O=C(CCSc1ccccc1)Nc1ccc(F)cc1
-5.3,O=C(CCSc1ccccc1)Nc1ccccc1C(F)(F)F
-4.9,Cn1c2ccccc2c2c1CCN(C)C2
-6.1,COc1ccc2occ(C(=O)c3ccccc3)c2c1
-4.8,CC[C@H](C)SCc1cc(C(=O)O)oc1C
-6.1,Cc1[nH]c(=O)[nH]c(=O)c1S(=O)(=O)NCc1ccco1
-5.7,C[C@@H]1C[C@@](O)(CC(O)(c2ccccc2)c2ccccc2)[C@@H](C)CN1C
-5.6,CC1=C(C(=O)O[C@H](C)C(C)(C)C)[C@H](c2ccccc2)NC(=O)N1
-5.1,CC(C)[C@@H]1C(=O)O[C@]2(C)CC(C)(C)NC(=S)N12
-5.9,CC1(C)OC(=O)N(CCCN2C(=O)OC(C)(C)[C@@]2(C)O)[C@]1(C)O
-5.4,CCN1C(=O)OC2(CC(C)(C)NC(C)(C)C2)[C@]1(C)O
-5.9,CCOC(=O)c1ccccc1NC(=O)NC(=O)Oc1ccccc1
-6.3,COc1ccc([C@@H](CC(=O)O)NS(=O)(=O)c2ccc(C)cc2)cc1
-5.1,COC(=O)c1ccnn1C(=O)c1ccc(Cl)cc1
-5.4,Cn1nccc1C(=O)Nc1nc2ccccc2s1
-4.9,CCOc1cc(C=O)cc(Br)c1OCc1ccccc1
-5.0,COc1ccc(C=O)cc1COc1ccccc1Cl
-5.3,CC(C)(c1ccc(N)c(Cl)c1)c1ccc(N)c(Cl)c1
-6.1,Cc1cc([N+](=O)[O-])nn1CC(=O)N1c2ccccc2C[C@H]1C
-5.6,CC(C)CCOc1ccc([C@@H](CC(N)=O)C(=O)O)cc1
-5.3,O=C(O)[C@@H](Cc1cccs1)c1ccccc1
-6.2,O=C(Nc1ccc2c(c1)OCO2)c1ccc(F)cc1
-5.5,O=C(NCc1ccco1)c1ccc(F)cc1
-5.8,Cc1cc(Br)ccc1OCC(=O)NC1CCCCC1
-4.8,O=C(NC1CCCCCC1)c1ccco1
-5.4,O=C(NCc1ccccc1Cl)c1ccco1
-5.8,COC(=O)C1=C(C)N(C)C(=O)/C1=C\c1ccc2c(c1)OCO2
-5.2,CCSc1nc2ccccc2n1CC(=O)O
-6.6,O=C(Nc1ccccc1F)c1ccc(OCc2ccccc2)cc1
-5.9,O=C(Nc1ccc(N2CCCC2)cc1)c1cc2ccccc2o1
-4.6,CCOc1cc(Cl)ccc1[N+](=O)[O-]
-5.9,Cc1c(C=O)c2ccccc2n1CC(=O)Nc1cc(C)cc(C)c1
-6.4,Cc1cc(n2cc(C=O)c(c3ccc(O)cc3)n2)nc2ccccc12
-5.2,COc1cc(NC(=O)c2cccs2)c(OC)cc1Br
-4.8,O[C@H](COc1ccccc1)CN1CCCCC1
-5.8,CCc1ccc(OCC(=O)Nc2ccc(C)cc2Br)cc1
-6.5,CCOC(=O)c1cccc(NC(=O)COc2ccccc2C)c1
-5.9,Cc1cccc(C)c1OCC(=O)Nc1sc2c(c1C(N)=O)CCC2
-6.3,Cc1cccc(OCC(=O)Nc2ccc(N3CCCCC3)cc2)c1C
-5.3,Cc1ccc(C(C)(C)C)c(OCC(=O)Nc2nccs2)c1
-6.4,Cc1cc(C)cc(OCC(=O)Nc2nc(c3ccccc3)cs2)c1
-5.3,CCOC(=O)Cn1cnc2sc3c(c2c1=O)CC[C@H](C)C3
-6.0,Cc1noc2c1c(=O)n(-c1ccccc1)c1ccccc21
-6.2,CC(=O)c1nn(c2ccc(C)cc2)c(N)c1c1nc2ccccc2s1
-6.6,O=C(Nc1ccc2c(c1)OCCO2)c1cc(F)c(F)cc1Cl
-5.4,Nc1cc(-c2nc3ncccc3o2)ccc1Cl
-6.5,Oc1ccccc1[C@H](Nc1ccccn1)c1ccc2cccnc2c1O
-5.7,Cc1cc(C(=O)CN2CCCCC2)c(C)n1c1ccc(Cl)cc1
-5.9,Oc1c([C@H](Nc2ccccn2)c2cccc(F)c2)ccc2cccnc12
-6.1,Cc1ccc(c2cc3c(n2c2ccc(C(=O)O)cc2)CCCC3=O)cc1
-5.6,Oc1c([C@@H](c2ccc(F)cc2)N2CCCCC2)ccc2cccnc12
-6.2,Cc1noc(C)c1COc1ccc2ccc(=O)oc2c1
-6.5,O=C(Cn1cnc2cc(Cl)ccc2c1=O)c1cccc2ccccc12
-5.1,CCCC(=O)Nc1ccc(C(=O)OC)cc1
-5.4,COc1ccc(C(=O)Oc2ccccc2)cc1Br
-5.7,COc1ccccc1OC(=O)c1sc2ccccc2c1Cl
-6.0,O=C(Oc1ccccc1)c1ccc([N+](=O)[O-])cc1
-5.1,Cc1ccc(OCC(=O)Oc2ccc3ccccc3c2)cc1
-5.8,Cc1cc(C)cc(NC(=O)c2ccc(C)c(Br)c2)c1
-6.0,Cc1ccccc1OC(=O)c1cccc([N+](=O)[O-])c1
-5.9,Cc1cc(C)c(NC(=O)c2ccc(C)c(Br)c2)c(C)c1
-6.6,CCOc1ccc(NC(=O)COc2cccc3ccccc23)cc1
-5.2,Cc1ccc(C)c(OCC(=O)N2CCCCC2)c1
-5.5,CC1(C)[C@@H](C(=O)Nc2ccc(F)cc2)CC[C@]1(C)C(=O)O
-5.7,O=C(Oc1ccc(Br)cc1)c1ccccc1[N+](=O)[O-]
-5.5,O=C(COc1ccc(Br)cc1)Oc1ccccc1Cl
-5.7,Cc1c(NC(=O)[C@H]2CCCC[C@@H]2C(=O)O)cccc1[N+](=O)[O-]
-4.9,Cc1cc(OCC(=O)O)ccc1Cl
-5.6,O=C(O)c1ccccc1C(=O)N1CCOCC1
-5.9,COC(=O)c1c2c(sc1NC(=O)c1ccc(C)cc1)CCCC2
-6.2,COc1ccccc1N1CCN(C(=O)c2ccccc2)CC1
-6.0,Cc1c(Cc2ccccc2)sc(NC(=O)C(F)(F)F)c1C(N)=O
-6.6,Cc1ccc(NC(=O)c2cccc([N+](=O)[O-])c2)cc1F
-5.7,Cc1cc(C)c(S(=O)(=O)NCc2cccnc2)c(C)c1
-5.3,CC1CCN(C(=O)c2ccc([N+](=O)[O-])o2)CC1
-5.3,Cc1c(Cl)cccc1NC(=O)c1cccnc1
-6.3,COc1ccccc1N1CCN(C(=O)c2ccc([N+](=O)[O-])o2)CC1
-5.3,COc1cc(SC)ccc1C(=O)Nc1ccccc1F
-5.4,O=C([C@H](Sc1ccccc1)c1ccccc1)N1CCCCCC1
-6.6,O=C(/C=C/c1ccc2c(c1)OCO2)NCCc1ccc(F)cc1
-5.7,COc1ccc2c(c1)-c1cc(Cl)ccc1S(=O)(=O)N2
-6.1,COc1ccc([N+](=O)[O-])cc1NC(=O)COc1ccccc1OC
-5.4,Cc1ccc(/C=C2\SC(N3CCC(C)CC3)=NC2=O)o1
-6.6,COc1ccc([C@@H]2CC(=O)Nc3cc4c(cc32)OCO4)cc1
-6.4,O=C1NC(=C[C@H](c2ccc(Cl)cc2)N1)c1ccc(Cl)cc1
-5.8,O=C(CCNc1ccc(Br)cc1)c1ccc2c(c1)OCO2
-6.2,c1ccc(-c2nc(-c3ccccn3)nc(-c3ccccn3)n2)nc1
-6.1,COc1ccc([N+](=O)[O-])cc1NC(=O)COc1ccccc1C
-5.9,CC(=O)N1N=C(c2ccc(C(C)(C)C)cc2)OC21CCCC2
-5.6,CC(=O)N1N=C(c2cccc(Br)c2)OC12CCCC2
-6.4,O=c1cc(-c2ccccc2O)oc2cc(O)ccc12
-6.2,O=c1cc(c2ccccc2O)oc2ccc3ccccc3c12
-5.4,Cc1cc(C(=O)n2nc(C)cc2C)[nH]n1
-6.2,COc1ccc(c2cc(C(=O)O)c3ccccc3n2)cc1
-5.9,COc1ccc([C@H]2NC(=O)NC(C)=C2C(=O)OC2CCCC2)cc1
-6.5,CCc1ccc(N2C[C@H](C(=O)Nc3ccccc3F)CC2=O)cc1
-4.8,CCS(=O)(=O)c1nc2ccccc2s1
-5.3,O=c1[nH]c(=O)n([C@H]2CC[C@@H](CO)O2)cc1I
-5.0,Cc1ccc(S(=O)(=O)N2CCC2)cc1
-5.8,O=Cc1ccc(S(=O)(=O)c2ccc(Cl)cc2)o1
-5.8,O=C1NC(=S)NC(=O)C1=Cc1ccccc1O
-5.6,O=Cc1ccc(S(=O)(=O)c2ccccc2)o1
-5.7,O=C1c2ccccc2S(=O)(=O)N1Cn1ccnc1
-5.2,O=C(NN1CCOCC1)c1c(Cl)cccc1Cl
-5.4,Cc1cc(NCc2ccccc2O)no1
-5.1,C[n+]1c2ccccc2sc1SCC(=O)O
-5.2,CC(C)CCn1c(Br)nc2c1c(=O)[nH]c(=O)n2C
-5.0,CC(C)NC(=O)[C@@H]1[C@H](C=C(Cl)Cl)C1(C)C
-5.9,O=C(Nc1ccncc1)Nc1cccc([N+](=O)[O-])c1
-5.7,O=C(O)Cc1csc(NC(=O)CSc2ccccn2)n1
-5.7,C/C(Cl)=C/Cn1c(SCC(=O)O)nc2c1c(=O)[nH]c(=O)n2C
-5.3,CCOC(=O)[C@H]1CNc2ccccc2C1=O
-5.0,CN(C)N1Cc2c3ccccc3[nH]c2C1=O
-5.0,CCC(=O)Nc1sc(C(=O)OC)c(C)c1C(=O)OC
-5.6,OC[C@@H]1O[C@H](Nc2ccc(Br)cc2)[C@H](O)[C@@H](O)[C@@H]1O
-5.2,CC(C)Cn1c(SCC(=O)O)nc2c1c(=O)[nH]c(=O)n2C
-4.6,CC1(C)[C@H](C=C(Cl)Cl)[C@@H]1C(=O)N1CCOCC1
-5.0,CCn1c(SCC(C)C)nc2c1c(=O)[nH]c(=O)n2C
-4.6,CC(C)(C)NC(=O)[C@@H]1[C@@H](C=C(Cl)Cl)C1(C)C
-6.1,COc1ccc(NC(=O)CSc2nnc(C(F)(F)F)n2C)cc1
-5.7,CC(C)[C@H](C(=O)O)N1C(=O)c2ccccc2C1=O
-5.7,Cn1c2nc(N)n(Cc3ccccc3)c2c(=O)[nH]c1=O
-5.3,CC[C@H]1SC2=NCCN2[C@]1(O)c1ccc(Cl)cc1
-5.3,CC1(C)[C@@H](C=C(Cl)Cl)[C@H]1C(=O)NCc1ccco1
-5.0,CC(=O)Nc1c(C)n(C)n(-c2ccccc2)c1=O
-5.1,O=C(O)[C@H]1CCCCN1Cc1ccccc1
-5.3,C[C@H]1CN(C(=O)[C@H]2C[C@@H]2C(=O)O)C2(CCCC2)O1
-5.5,c1ccc(-c2ccc(-c3ccccn3)nn2)nc1
-5.5,O=Cc1ccc(OC(=O)c2ccccc2)cc1
-5.5,COc1ccccc1NC(=O)c1ccc(Cl)c(Cl)c1
-5.3,O=c1sc2ccccc2n1COc1ccccc1
-5.6,Cc1[nH]nc(O)c1[C@@H](c1ccc([N+](=O)[O-])cc1)C(C#N)C#N
-5.5,O=C(CF)N[C@@H](Nc1ccc2ccccc2c1)C(Cl)(Cl)Cl
-6.1,O=C(/C=C/c1cccc([N+](=O)[O-])c1)NCc1cccs1
-5.4,CC1(C)[C@H](C(=O)Nc2ccccc2Cl)[C@H]1C=C(Cl)Cl
-5.8,O=C1C[C@H](N2CCOCC2)C(=O)N1c1ccccc1Cl
-5.4,CCc1ccc(NC(=O)CSc2ncccn2)cc1
-5.6,O=C(O)[C@@H](CC(=O)c1ccc(Br)cc1)N1CCOCC1
-5.3,COc1ccc2oc(C)c(C(=O)OC(C)C)c2c1
-5.1,CCc1c(C)nn(-c2ccc(C)c(C)c2)c1O
-5.9,O=C(CSC1CCCCC1)Nc1cccc([N+](=O)[O-])c1
-5.9,c1c(c2ccccc2)noc1c1ccccc1
-6.1,O=C(CN1C(=O)c2ccccc2S1(=O)=O)Nc1ccccc1
-6.1,Cn1c2ncn(CC(=O)c3ccc(Cl)cc3)c2c(=O)n(C)c1=O
-5.4,COc1ccccc1NC(=O)COc1ccc(Cl)cc1Cl
-5.3,CCOC(=O)N(c1ccccc1)S(=O)(=O)c1ccccc1
-5.5,Cc1ccccc1CSc1nnc(c2cccs2)n1C
-5.9,CCc1ccc(NCn2nnc3ccccc32)cc1
-5.3,Cc1cccc(NC(=O)[C@H]2[C@@H](C=C(Cl)Cl)C2(C)C)c1
-5.4,CC1(C)[C@@H](C=C(Cl)Cl)[C@@H]1C(=O)NCc1ccccc1
-5.2,COc1ccccc1NC(=O)[C@@H]1[C@@H](C=C(Cl)Cl)C1(C)C
-5.2,CCCn1c(O)c(C(=O)OCC)c(=O)c2ccccc21
-5.7,O=C(c1ccc([N+](=O)[O-])cc1)N1CCOC12CCCCC2
-6.2,CC(=O)Oc1cccc(N2C(=O)c3cccc([N+](=O)[O-])c3C2=O)c1
-5.7,Cc1nn(-c2ccccc2)c2sc(C(=O)n3cccn3)cc12
-6.1,Cc1ccc(/C=C/2\OC(=O)c3ccccc23)cc1
-6.1,CC1(c2ccccc2)C(=O)c2ccccc2C1=O
-6.5,Cc1ccc(NCN2C(=O)c3ccccc3C2=O)cc1[N+](=O)[O-]
-3.2,CSc1sc(SC)c(Br)c1Br
-5.3,CCOC(=O)C1=C(N)Oc2[nH]nc(C)c2[C@H]1c1ccc(C)cc1C
-6.7,Cc1ccccc1NC(=O)c1cc(C(=O)Nc2ccccc2C)n(C)n1
-6.4,O=C(CN1C(=O)c2ccccc2C1=O)Nc1cccc(F)c1
-6.3,CN(C)c1ccc(C(=O)N2CCN(c3ccc(F)cc3)CC2)cc1
-5.9,Cc1cc(C)cc(OCC(=O)Nc2cccc(F)c2)c1
-5.4,CCOC(=O)C1=C(C)NC(=O)N(C(C)=O)[C@@H]1c1ccccc1F
-6.2,O=C(Nc1ccn([C@H]2CC[C@H](CO)O2)c(=O)n1)c1ccccc1
-6.7,Cc1ccc(N2C[C@H](O)Cn3c4c(nc32)n(C)c(=O)[nH]c4=O)cc1
-6.7,CC1(C)C[C@H](c2nc(c3ccc([N+](=O)[O-])cc3)cs2)CCO1
-5.0,CN(Cc1ccccc1)Cc1cccnc1
-5.3,O=C(O)[C@H](CC(=O)c1ccc(Cl)cc1)NC1CCCCC1
-5.8,COC(=O)C1=C(C)NC(=O)N[C@@H]1c1ccc(C(C)C)cc1
-5.0,CCOC(=O)c1sc(NC(=O)C(C)(C)C)c(C(=O)OCC)c1C
-5.0,COc1ccc(CN2CCC(O)CC2)c(OC)c1
-6.4,O=C(Cc1ccccc1[N+](=O)[O-])Oc1cc(=O)oc2ccccc12
-7.1,O=C(Nc1cccc([N+](=O)[O-])c1)[C@H]1CC(=O)N(c2ccc(F)cc2)C1
-6.2,COc1ccc(C(=O)Nc2nnc(c3ccc(C)cc3)s2)cc1
-5.9,COc1ccc(C(=O)Nc2cc(C)cc(C)c2)cc1OC
-5.3,O=C(NC1CCCCCCC1)c1ccncc1
-5.9,O=C(Nc1ccc(Br)cn1)c1c[nH]c2ccccc2c1=O
-5.2,O=C(Nc1c(Cl)cccc1Cl)N1CCNC1=O
-5.4,CCOC(=O)C1=C(C)OC(N)=C(C(=O)OCC)[C@H]1c1cccnc1
-5.2,N[C@H](Cc1ccc([N+](=O)[O-])cc1)C(=O)O
-5.6,COC(=O)COc1cc(C)cc2oc(=O)c3c(c12)CCCC3
-6.0,CC1=C(C(=O)OC2CCCC2)[C@H](c2ccccc2Cl)NC(=O)N1
-5.7,CCOc1ccccc1C(=O)Nc1cc(C)ccc1C
-5.8,CCCn1c(SCc2ccc(C)cc2)nc2c1c(=O)[nH]c(=O)n2C
-6.0,CC[C@H](C)[C@H](NCc1c(O)ccc2c(C)cc(=O)oc21)C(=O)O
-6.3,Cc1ccc(NC(=O)[C@@H](C)N2C(=O)c3ccccc3C2=O)cc1
-6.7,Cc1ccc(NC(=O)[C@H]2CC(=O)N(c3ccc(F)cc3)C2)cc1
-6.6,Cc1ccc(N2C[C@H](C(=O)Nc3cccc([N+](=O)[O-])c3)CC2=O)cc1
-6.1,COC(=O)C1=C(C)NC(=O)N[C@H]1c1cc(OC)cc2ccccc21
-6.1,CC(CC(=O)c1ccccc1)CC(=O)c1ccccc1
-6.3,COC(=O)c1ccc(NC(=O)c2c(C)cc(C)cc2C)cc1
-6.0,Cc1ccc(OCC(=O)NCCc2ccccc2)cc1C
-6.2,Cc1ccc(NC(=O)COc2ccc(C)c(C)c2)cc1C
-5.0,COc1ccccc1[C@H]1NC(=O)NC(C)=C1C(=O)OCCC(C)C
-6.6,O=C1C[C@@H](c2ccccc2)c2c(ccc3ccccc23)N1
-5.5,COC(=O)COc1ccc2c(-c3ccccc3)cc(=O)oc2c1C
-5.3,CCOC(=O)c1c2cc(OCC(=O)O)ccc2oc1c1ccccc1
-6.1,Cc1ccc(N2C[C@H](C(=O)Nc3c(C)cccc3Cl)CC2=O)cc1
-5.7,CCOc1ccccc1NC(=O)[C@H]1CC(=O)N(c2ccc(F)cc2)C1
-6.1,CC(C)[C@H](NCc1c(O)ccc2c3ccccc3c(=O)oc21)C(=O)O
-6.2,Cc1cccc(C)c1NC(=O)[C@H]1CC(=O)N(c2ccccc2)C1
-6.2,CCOc1ccc(C(=O)C[C@@H](Sc2ccc(C)cc2)C(=O)O)cc1
-6.1,CC(C)(C)c1ccc(C(=O)C[C@H](NCc2ccco2)C(=O)O)cc1
-5.9,CN(C)Cc1c(O)ccc2cc(-c3nc4ccccc4n3C)c(=O)oc21
-6.0,O=C(NC1CCCCC1)/C(=C\c1ccco1)NC(=O)c1ccccc1
-5.5,CN(C)c1ccc([C@@H](c2cc3c(cc2O)OCO3)N2CCCC2)cc1
-5.6,COc1ccc(C)cc1N1CCCN(c2cc(C)ccc2OC)C1=O
-6.0,CC[C@@H]1CCCCN1Cc1c(O)ccc2c3ccccc3c(=O)oc12
-6.1,CCc1ccc(NC(=O)[C@H]2CC(=O)N(c3ccc(CC)cc3)C2)cc1
-5.9,CCc1ccc(N2C[C@H](C(=O)Nc3cc(C)ccc3C)CC2=O)cc1
-6.0,CC(C)c1oc2cc(O)ccc2c(=O)c1c1nc2ccccc2n1C
-6.2,Cc1cc(C)cc(OC(=O)[C@H](C)N2C(=O)c3ccccc3C2=O)c1
-4.7,CCOC(=O)c1sc(NC(=O)C(C)C)c(C(=O)OCC)c1C
-5.5,CC(C)NC(=O)N[C@@]1(C(F)(F)F)Oc2ccc(Cl)cc2O1
-6.4,COc1ccc(C(=O)C[C@]2(O)C(=O)Nc3ccccc32)cc1OC
-5.8,Cc1ccc2nc(Nc3ccccc3)c(C=O)c(=O)n2c1
-5.5,CCOC(=O)[C@@H](C)Oc1ccc2oc(=O)cc(C)c2c1
-5.5,CCOC(=O)[C@H](C)Oc1ccc2oc(=O)cc(C)c2c1
-5.8,O=[N+]([O-])/C(=C\Sc1ccccn1)c1ccccc1
-7.2,Cn1c2ccccc2nc1-c1nonc1NC(=O)c1ccc(F)cc1
-5.4,COC(=O)c1ccccc1NC(=O)c1ccoc1C
-5.8,CN1CCN(C(=O)c2ccccc2NC(=O)c2ccc(F)cc2)CC1
-6.5,CC1CCN(C(=O)/C=C/c2cccc3ccccc23)CC1
-5.5,Cc1ccccc1NC(=O)c1c(F)cccc1F
-6.0,CC(=O)c1cccc(NC(=S)Nc2ccc(F)cc2)c1
-5.9,Cc1ccc(OCC(=O)Nc2cc(Cl)c(Cl)cc2Cl)cc1
-5.8,CCOC(=O)[C@@H](C)Oc1cc2oc(=O)c(Cl)c(C)c2cc1Cl
-6.4,O=C1C=C(Nc2ccc(Cl)cc2)C(=O)N1c1ccccc1
-6.7,COc1ccc(NC(=O)CSc2nnnn2-c2ccccc2)cc1
-5.6,CCC[C@H]1Oc2ccccc2[C@@H]2CC(=NN12)c1ccccc1
-6.6,O=C(NCc1cccnc1)c1ccc(COc2ccc3c(c2)CCC3)o1
-5.1,O=C(NC[C@@H]1CCCO1)NC1CCCCC1
-5.8,COc1ccccc1N1CCN(C(=O)c2ccccc2C)CC1
-5.5,COc1ccc(NS(=O)(=O)Cc2ccccc2)c(OC)c1
-5.4,CCOC(=O)[C@@H]1Cc2c3ccccc3[nH]c2[C@@H](C)N1C(C)=O
-6.1,O=C(O)c1cccc(N2Cc3ccc(Br)cc3C2)c1
-6.5,CCOC(=O)Nc1ccc(c2nc3ccc(C)cc3s2)cc1
-6.2,CC(=O)Nc1ccc(NC(=O)COc2cccc(C)c2)cc1
-5.7,O=c1/c(=C/c2ccccc2)sc2nc3ccccc3n12
-5.6,O=C1OC(c2ccccc2)=N/C1=C/c1ccco1
-5.8,CCc1ccc(NCCC(=O)c2ccc(C)o2)cc1
-5.5,O=C(CC(=O)c1ccccc1)Nc1ccc(Cl)cc1
-5.0,CCOC(=O)c1c(C)c(C(C)=O)sc1NC(=O)CC
-6.3,O=C(/C=C/c1cccc([N+](=O)[O-])c1)N1CCOCC1
-5.4,CC(C)(C)CC(C)(C)c1ccc(OCC(=O)Nc2nccs2)cc1
-5.7,Cc1ccc(NC(=O)COc2cccc(C)c2)cc1
-5.8,CC(=O)Oc1ccc2c(c1)oc(=O)c1ccccc21
-6.4,O=C1Nc2ccccc2[C@]12CC(c1ccccc1)=NN2
-6.8,O=C1Nc2ccc(F)cc2[C@]12CC(c1ccccc1)=NN2
-7.0,c1ccc(Nc2nc3nonc3nc2Nc2ccccc2)cc1
-5.8,CCOC(=O)c1ccccc1NC(=O)COc1ccc(C(C)C)cc1
-6.4,COc1ccc(OCC(=O)Nc2ccc(N3CCOCC3)cc2)cc1
-5.3,C[C@H](NC(=O)c1ccccc1Br)c1ccccc1
-6.0,O=[N+]([O-])c1cccc(NC(=S)Nc2ccccc2)c1
-6.7,Cc1cccc(OCC(=O)N2CC(=O)Nc3ccccc32)c1
-5.4,Cc1occc1C(=O)N1N=C(C)C[C@@]1(O)c1ccccc1
-5.9,COc1ccc(CSc2nnnn2C)cc1F
-6.3,CN(C)c1ccc(NC(=S)N2CCCC[C@@H]2c2cccnc2)cc1
-5.4,Cc1ccc2nc(C3CCCCC3)oc2c1
-5.7,Cc1ccc(C)c(NC(=O)[C@H]2CC[C@](C)(C(=O)O)C2(C)C)c1
-6.2,CC(C)(C)c1ccc(C(=O)C[C@H](NCc2cccs2)C(=O)O)cc1
-5.6,Cc1cn(c2ccc(Cl)cc2)nc1c1ccccc1
-4.9,Cc1c(CCO)sc[n+]1Cc1cnc(C)nc1N
-5.7,CCCN(Cc1ccccc1)C(=O)c1ccc2nc(C)c(C)nc2c1
-5.5,O=C(NCc1cccnc1)[C@@H]1CC1(c1ccccc1)c1ccccc1
-5.8,O=S(=O)(c1cc(Cl)ccc1Cl)n1nnc2ccccc21
-5.3,COc1ccc(S(=O)(=O)n2ccnc2C)cc1OC
-5.0,O=C(NC1CCCCC1)[C@@H]1C[C@H](O)CN1C(=O)OCc1ccccc1
-5.3,Cc1cc(C)n(-c2ccccc2F)c(=O)c1C(N)=O
-6.3,Fc1cccc(Cl)c1c1nnc2ccc(C(F)(F)F)cn12
-6.6,CCOC(=O)c1ccc(N2C(=O)c3cccc4cccc(c34)C2=O)cc1
-6.0,CCOC(=O)c1ccc2c(c1)C(=O)N(c1cccc3ccccc13)C2=O
-6.1,O=C(NC1CCCCC1)[C@@H]1CCCN1C(=O)Oc1ccccc1
-6.3,CC(=O)Oc1ccc2c(c1)nc(-c1ccccc1)oc2=O
-5.3,CCc1nccn1S(=O)(=O)c1ccc(CC)cc1
-5.9,CC(=CCC[C@@]1(C)OC(=O)N(CCc2ccccc2)[C@@]1(C)O)C
-5.2,COc1ccccc1N(CN1C(=O)CCC1=O)C(C)=O
-6.4,Cc1cccc(NCN2C(=O)c3cccc([N+](=O)[O-])c3C2=O)c1
-5.4,COC(=O)[C@H]1CC(=O)N(c2ccc(C)cc2)C1
-5.1,S=c1oc(c2ccccc2Cl)nn1CN1CCCCC1
-5.5,O=C1CCCCC(=O)c2ccccc2N1
-6.1,CCOC(=O)c1cc(C(=O)NCc2ccccc2)c(=O)[nH]c1C
-5.0,C[C@@H](NC(=O)[C@H]1CC1(C)C)c1ccccc1
-5.0,CC(C)NC(=O)COc1ccc(Cl)cc1Cl
-4.9,CC(=O)CS(=O)(=O)c1ccc(Br)cc1
-5.7,Cc1ccc(N2C[C@H](C(=O)NC[C@@H](C)O)CC2=O)cc1
-5.6,COc1cc2c(cc1OC)-c1nnnn1C(C)(C)C2
-5.0,COc1ccc2nc(Cl)c(Cl)nc2c1
-5.6,COC(=O)[C@@H](NS(=O)(=O)c1ccc(Cl)cc1)C(C)C
-6.5,O=C1Nc2ccccc2[C@@]1(O)[C@@H]1CCc2ccccc2C1=O
-6.5,O=C1Nc2ccccc2[C@@]1(O)[C@H]1CCc2ccccc2C1=O
-4.8,O=C(Nc1ccc(Br)cn1)c1cccs1
-5.6,CCOC(=O)CC(=O)Nc1ccc(C(=O)OC)cc1
-5.5,O=C1C=C(N(CCO)CCO)C2(CCCCC2)O1
-5.6,COc1ccc([C@@]2(C)CC(=O)NC2=O)cc1
-5.5,COc1ccc(C(=O)Cc2ccccc2)cc1
-5.1,CC(C)(CO)NC(=O)c1ccc(Cl)cc1
-6.8,O=C(COC(=O)c1ccc(Oc2ccc(O)cc2)cc1)c1ccccc1
-6.5,Cc1ccccc1Nc1nc(c2ccc([N+](=O)[O-])cc2)cs1
-5.2,O=C1C[C@H](Sc2ccccc2)[C@@H]2CO[C@H]1O2
-5.7,Cc1ccc(NC(=O)[C@@H]2C[C@@H](O)CN2C(=O)OC(C)(C)C)cc1
-6.0,Cc1ccc(NC(=O)[C@@H](C)NC(=O)OCc2ccccc2)cc1C
-6.8,COc1ccc(-c2nnc(-c3ccc(OC)c(OC)c3)o2)cc1OC
-5.0,CC1(C)C[C@@H](NCc2ccccc2)CCO1
-6.1,O=C(O)C1CCN([C@H]2CC(=O)N(c3ccc(F)cc3)C2=O)CC1
-5.9,O=C(O)CCC(=O)c1ccc2ccccc2c1
-6.3,O=C(NCc1ccc2c(c1)OCO2)c1cc(F)c(F)cc1Cl
-5.7,Nc1ccccc1NC(=O)c1ccccc1Cl
-6.3,Cc1cc(NC(=O)CSc2nc3ccccc3[nH]2)no1
-4.7,CCOC(=O)Nc1nnc(C(C)(C)C)s1
-6.4,O=C(Nc1nc(c2ccc(F)cc2)cs1)c1cccnc1
-5.4,O=C(O)[C@@H](Cc1ccccc1)[P@](=O)(O)CN1CCCC1=O
-5.9,CCc1nnc(NC(=O)c2cc3ccccc3o2)s1
-6.5,NC1=NC2=NC(c3ccccc3)=C[C@H](c3ccccc3)N2N1
-5.3,CC(C)(C)C(=O)CON1C(=O)c2ccccc2C1=O
-5.8,O=C(O)[C@H]1CC=CC[C@H]1C(=O)NCc1ccc(Cl)cc1
-5.5,O=C(CSc1nc2ccccc2o1)Nc1nccs1
-5.4,O=C(c1ccccc1)[C@H]1CN2CCC1CC2
-6.3,O=C(CSCC(=O)N1CCCc2ccccc21)Nc1ccccc1
-4.9,CCN(CC)C(=O)Cn1c2ccccc2oc1=O
-5.6,CC(C)n1c2ccccc2nc1-c1nonc1N
-6.2,COc1cc2cccnc2c(NC(=O)c2ccccc2)c1
-5.7,COc1cc2cccnc2c(NC(=O)C2CCCCC2)c1
-6.1,NS(=O)(=O)c1ccc(NC(=O)c2ccc(F)cc2)cc1
-4.9,O=C(c1cccs1)[C@H]1CN2CCC1CC2
-6.5,O=C(O)c1ccc(NC2=NS(=O)(=O)c3ccccc32)cc1
-5.8,COc1ccc(-n2c(C)nc3ccc(Br)cc3c2=O)cc1
-5.5,CC(C)ON1C(=O)CN(C(=O)Nc2ccccc2)[C@H]1c1ccccc1
-5.2,COC(=O)[C@@H]1CN(c2ccc(Br)cc2)N=C1C(C)=O
-6.2,O=C(c1ccccc1O)N1N=C(C(F)(F)F)C[C@@]1(O)C(F)(F)F
-5.3,CCNC(=O)[C@@H]1CCCN1C(=O)OCc1ccccc1
-6.8,Cc1cccc(C(=O)Nc2nnc(Cc3ccc(Cl)cc3)s2)c1
-5.8,O=C(c1ccccc1)N1N=C2CCCCC[C@H]2[C@]1(O)C(F)(F)F
-5.7,CCOC(=O)[C@@H](C)Oc1ccc2c(C)cc(=O)oc2c1C(C)=O
-5.4,CC1(C)CC(NCC(=O)OC2CCCCC2)CC(C)(C)N1
-5.4,O=C1N=C(N2CCOCC2)S/C1=C/c1cccc(Cl)c1
-5.3,Cn1nnc(NC(=O)c2ccccc2F)n1
-5.4,CC[C@]1(C)OC(=O)N2CCc3cc(OC)c(OC)cc3[C@@]21C
-5.4,CC(=O)c1oc2ccc3c(C)cc(=O)oc3c2c1C
-5.8,Cc1nn(Cc2ccccc2)c(=S)n(Cc2ccccc2)c1=O
-6.1,CCC(=O)Nc1nnc(COc2ccc(C(C)(C)C)cc2)s1
-6.6,COc1ccc([C@H]2OC(=O)Cc3cc(OC)c(OC)cc32)cc1
-5.0,CCOC(=O)Cn1c(C)cc(C)c([N+](=O)[O-])c1=O
-5.8,COc1ccc(NC(=O)CCN2CCC(C)CC2)cc1
-5.3,COc1ccc(N[C@@H](C)c2ccccc2)cc1
-6.4,COc1ccc(C2(O)C(=O)c3ccccc3C2=O)cc1
-6.5,O=C(Nc1nnc(SCc2ccccc2)s1)c1ccc(F)cc1
-4.8,CSc1c2ccccc2n(C)c1CC(=O)O
-6.4,COc1ccc(NC(=O)[C@@H]2COc3ccccc3O2)cc1
-5.5,CC[C@@H](c1nc2ccccc2n1C)[C@H](O)c1ccccc1
-6.0,O=C(C[C@H]1SCCNC1=O)Nc1ccc(Cl)c(Cl)c1
-4.8,CCCC1=NN(C(=O)OCC)[C@@](O)(C(F)(F)F)C1
-5.9,CC(=O)c1cccc(OCC(=O)N2CCOCC2)c1
-6.4,O=c1nc2n(-c3ccc([N+](=O)[O-])cc3)c3ccccc3cc-2c(=O)[nH]1
-5.6,Cc1cc(C)n(c2nc(c3ccc(Br)cc3)cs2)n1
-5.1,CCOC(=O)N1CCN(C(=S)NC(=O)c2ccco2)CC1
-5.9,O=C(C[C@H]1SCCNC1=O)Nc1ccc(Cl)cc1
-5.8,Cc1onc(-c2ccccc2Cl)c1C(=O)N1CCC(C(N)=O)CC1
-5.8,CC(C)CNC(=O)c1cccc(NC(=O)CC(C)C)c1
-5.9,Cc1ccc(S(=O)(=O)N(C)C2CC(C)(C)N(C)C(C)(C)C2)cc1
-5.5,Cc1cn(C(=O)c2ccc(Cl)cc2Cl)c(C)n1
-5.6,O=C(Nc1ccccc1Cl)Nc1cccnc1Cl
-5.5,Cc1cc(Cl)nc(Cl)c1NC(=O)Nc1ccccc1
-5.6,O=C(O)c1ccc(Cl)cc1NC(=O)CSCc1ccccc1
-5.5,COC(=O)c1ccc(NC(=O)[C@@H]2[C@H](C=C(Cl)Cl)C2(C)C)cc1
-6.0,COC(=O)c1ccc(NC(=O)[C@@H]2[C@@H](C=C(Cl)Cl)C2(C)C)cc1
-5.4,CCOC(=O)c1c(C)c(C)sc1NC(=O)CSc1ccccc1
-5.6,Cc1c([C@@H](C)O)oc2ccc3c(C)cc(=O)oc3c12
-6.6,Cc1cc(S(=O)(=O)n2nnc3cc(Cl)ccc32)ccc1Cl
-5.7,Cc1cc(S(=O)(=O)NCc2cccnc2)c(Cl)cc1Cl
-6.6,COc1ccc2cc(S(=O)(=O)n3nnc4ccccc43)ccc2c1
-5.7,COc1ccc(S(=O)(=O)n2c(C)ncc2[N+](=O)[O-])cc1OC
-5.4,Cc1cc(C)c(c2nnc(c3ccco3)o2)c(C)c1
-5.9,COc1cccc(Oc2nc(N)[nH]c(=O)c2Br)c1
-6.2,Cc1nn(CC(=O)Nc2ccc(O)cc2)c(=O)c2ccccc12
-6.0,CC1(C)C(=O)C2(CCCCC2)C(=O)O[C@@H]1c1ccccc1
-5.1,CCOc1ccccc1C(=O)n1cc(Cl)cn1
-6.2,COC(=O)c1ccc(NC(=O)C[C@H]2SCCNC2=O)cc1
-5.7,O=C(Nc1ccccc1)N(O)[C@@H](C[N+](=O)[O-])c1ccco1
-5.5,O=C(C[C@@](O)(c1ccccc1)C(F)(F)F)c1cccs1
-5.9,CSc1ccc(S(=O)(=O)NCCc2ccc(Cl)cc2)cc1
-5.8,Cc1nc2ccccc2c2c1C(=O)N(CC(=O)O)C2=O
-5.9,S=c1ccc(c2ccc(Cl)cc2)nn1c1ccccc1
-6.6,O=C1NN(c2ccccc2)C(=O)/C1=C/c1ccc(F)cc1
-6.2,Nc1c(C(=O)NCc2ccccc2)nnn1Cc1ccccc1
-5.6,O=C(c1ccc(F)c(F)c1)n1cncn1
-5.7,Cc1nnc(SCC(=O)c2ccc(Cl)cc2)s1
-5.9,CC(C)(C)c1ccc(C(=O)Oc2ccc(C=O)cc2)cc1
-4.8,CCOC(=O)Cc1ccccc1C(=O)OC
-6.5,Cc1cccc(N2C(=O)NC(=O)/C(=C\c3c[nH]c4ccccc34)C2=O)c1
-4.7,O=C(O)[C@H]1CS[C@@H](c2cccs2)N1
-6.2,Cc1ccc(Cl)cc1NC(=O)CSc1nc2ccccc2[nH]1
-6.8,O=c1oc2ccccc2n1Cc1cccc(C(F)(F)F)c1
-6.4,Cc1ccc(NC(=O)CSCC(=O)Nc2ccccc2)c(C)c1
-5.7,CC(C)NC(=N)CCn1cnc2c1c(=O)n(C)c(=O)n2C
-5.5,CC[C@]1(C)OC(=O)N(CCc2c(C)[nH]c3ccccc32)[C@]1(C)O
-5.3,CCN(CC)S(=O)(=O)c1nc2nc(C)cc(C)n2n1
-5.6,COc1ccc([C@H]2SCC(=O)N2CCN2CCCCC2)cc1
-5.5,CCOC(=O)c1c2cc(OC)ccc2oc1CN1CCCC[C@@H]1C
-6.4,Nn1cnn2c(SCc3cccc(C(F)(F)F)c3)nnc12
-6.4,CCC(=O)Nc1nc2c(c3c4ccccc4oc(=O)c13)C[C@H](C)CC2
-5.5,O=C(Nc1cccc(Cl)c1)c1scc2c1OCCO2
-5.9,CC1(C)CCC(=O)c2nnn(-c3nonc3N)c21
-5.4,Cc1ccc(NC(=S)Nc2ccccc2)cc1F
-6.1,CCOc1ccc(NC(=O)/C(=C/c2ccccc2)/Cl)cc1
-5.2,OCc1ccccc1CNc1ccc(F)cc1
-5.7,CC(=O)c1[nH]c2ccccc2c1c1ccccc1
-5.3,O=C(Nc1ccccc1I)c1ccc(F)cc1
-5.1,CCOC(=O)c1c(C)oc2cc(Br)c(O)cc21
-4.9,CCOC(=O)c1c(C)n(CC)c2ccc(O)cc21
-5.5,CCOC(=O)c1oc2ccc(Cl)cc2c1NC(C)=O
-5.1,COc1ccccc1N(CC(N)=O)S(=O)(=O)c1ccccc1
-4.6,CNC(=O)CSCc1ccc(Br)cc1
-6.3,COc1ccc(n2c(=O)c3ccccc3c3ccccc3c2=O)cc1
-5.6,O=Cc1ccc(OCC(=O)Nc2ccccn2)cc1
-5.6,CCOC(=O)c1c(C)n(c2ccccc2C)c2ccc(O)cc12
-5.7,Cc1ccc(NCN2C(=O)c3ccccc3C2=O)cc1
-6.0,COc1ccc(NCN2C(=O)c3ccccc3C2=O)cc1
-5.6,O=[N+]([O-])/C=C/c1c2ccccc2cc2ccccc12
-6.1,Nc1ccc(C(=O)NC[C@@H]2CCCN3CCCC[C@H]23)cc1
-5.2,Cc1nn(Cc2ccccc2)c(C)c1[N+](=O)[O-]
-6.0,O=C1OC(=N/C/1=C/c1ccccc1Br)c1ccc(F)cc1
-7.0,O=C1OC(=N/C/1=C/c1ccc2ccccc2c1)c1ccccc1F
-6.1,Cc1ccccc1/C=C1\N=C(c2ccccc2F)OC1=O
-6.1,O=C1OC(=N/C/1=C/c1cccc(Cl)c1)c1ccccc1F
-6.1,O=C1OC(c2ccccc2)=N/C1=C/c1ccc(Br)o1
-6.3,Cc1nc2c(cnn2-c2ccccc2)c2nnnn21
-6.0,CCOc1ccc(/C=C/C(=O)NCc2ccco2)cc1OC
-6.0,CCOC(=O)c1ccccc1NC(=O)[C@H]1COc2ccccc2O1
-6.2,O=C(CSc1nnc2ccccn21)Nc1ccc(F)cc1
-5.2,CN(C(=O)c1ccccc1C(=O)O)C1CC(C)(C)NC(C)(C)C1
-6.5,Cc1cc(C(F)(F)F)nc(NC(=O)NC(=O)c2cccc(F)c2)n1
-5.4,CC(C)n1c(COc2ccc(Cl)cc2)nc2ccccc12
-5.1,CCSc1nc2cc(C(=O)OC)ccc2c(=O)n1CC
-5.8,O=C(O)C(c1ccc(Cl)cc1)c1ccc(Cl)cc1
-5.4,COc1ccc2[nH]cc(C[C@H](N)C(=O)O)c2c1
-4.8,CCOc1ccc(OCC)c([N+](=O)[O-])c1
-5.2,Cc1ccc(NC(=S)Nc2ccc(C)cc2)cc1
-5.3,CCN(CC)c1ccc(C(=O)c2ccc(N(CC)CC)cc2)cc1
-5.6,COc1ccc(C(O)c2ccc(OC)cc2)cc1
-4.8,COc1ccc(NC(=O)CC(C)=O)cc1
-5.3,COC(=O)c1cc(OC)c(OC)cc1[N+](=O)[O-]
-5.0,COC(=O)c1ccc(Cl)cc1[N+](=O)[O-]
-5.3,COC(=O)[C@H]1CN(Cc2ccccc2)CCC1=O
-5.4,c1nc(-c2ccncc2)oc1-c1ccccc1
-4.5,COc1ccc(OC)c(Br)c1
-4.9,Cc1[nH]c(C(=O)OC(C)(C)C)c(C)c1C
-5.2,O=C(O)/C=C/c1cc([N+](=O)[O-])ccc1Cl
-5.6,Cc1ccc(C(=O)[C@@H](O)c2ccc(C)cc2)cc1
-5.5,O=C(O)c1ccc(C(F)(F)F)cc1F
-4.7,Nc1c(F)cc(F)c(F)c1Br
-4.9,CN1C(=O)CN(C(=O)OC(C)(C)C)[C@H]1C(C)(C)C
-5.4,O=[N+]([O-])c1cccc(OC(F)(F)C(F)F)c1
-4.6,CSc1ccc([C@@H](O)[C@H](N)CO)cc1
-5.8,O=C(O)c1c(F)c(F)c(O)c(F)c1F
-5.2,O=[N+]([O-])c1ccc(F)c(C(F)(F)F)c1
-5.9,CC(=O)Nc1nc2c(ncn2C(C)=O)c(O)n1
-5.0,COc1cc(CO)c([N+](=O)[O-])cc1OC
-5.9,CC(C)[C@@H]1COC(c2cccc(C3=N[C@H](C(C)C)CO3)n2)=N1
-5.2,NC(=O)c1cc(Cl)c(Cl)cc1C(N)=O
-5.4,CNC(=O)Oc1cccc2c1OC(C)(C)C2
-5.0,CC(C)N[C@H](c1ccccc1)[C@@H](O)c1ccccc1
-5.2,O=Cc1ccc(c2ccccc2C(F)(F)F)o1
-6.0,Cc1ccc(-c2ccc(C(=O)O)o2)c([N+](=O)[O-])c1
-6.3,O=C(N[C@@H](c1ccccc1)n1nnc2ccccc21)c1cccnc1
-4.4,O=Cc1cc(Br)c(O)c(Br)c1
-6.2,O=C(O)c1cc(C(F)(F)F)ccc1F
-4.1,COc1cc(Br)c(OC)cc1Br
-5.3,CC(=O)N(C(C)=O)n1c(=O)c2ccccc2nc1C(C)C
-5.1,O=[N+]([O-])c1ccc(Cl)c(C(F)(F)F)c1
-5.5,COC(=O)[C@@H]1C[C@H](O)CN1C(=O)OCc1ccccc1
-5.3,CCN(CC)c1ccc2c(c1)oc(=O)cc2C(F)(F)F
-4.8,C[C@H](O)Cn1cnc2c1c(=O)n(C)c(=O)n2C
-4.8,Cc1ccc2[nH]cc(CCN(C)C)c2c1
-4.6,CC(C)(SCCc1ccncc1)[C@H](N)C(=O)O
-5.5,Cc1ccc(C(=O)[C@H](C)CN2CCCCC2)cc1
-6.0,Cc1cccc(N(C)C(=S)Oc2ccc3ccccc3c2)c1
-5.5,Cc1cc(CC(=O)O)n(C)c1C(=O)c1ccc(Cl)cc1
-6.1,OC[C@H](O)COc1ccc(Cc2ccc(OC[C@@H](O)CO)cc2)cc1
-5.2,CC(C)(C)OC(=O)N1CCCC[C@H]1C(=O)O
-4.6,COc1cc(Br)c(C=O)cc1O
-5.7,COc1ccc(C(=O)c2ccc(O)cc2)c(OC)c1
-6.5,O=C(OCC1c2ccccc2-c2ccccc21)N1CCC[C@@H]1CO
-6.5,COc1ccc(-c2cc(=O)c3ccc(OC)cc3o2)cc1
-5.9,O=c1cc(-c2ccccc2)oc2ccccc12
-5.5,CCOC(=O)c1cn(c2ccc(Cl)cc2)nc1C(F)(F)F
-5.6,c1ccc(C2=NCCN=C2c2ccccn2)nc1
-4.9,CCOc1ccc2c(C)cc(=O)oc2c1
-5.0,O=Cc1coc2c(Cl)cc(Cl)cc2c1=O
-5.9,COc1ccc2c(c1)C(=O)C[C@@H](c1ccc(OC)c(OC)c1)O2
-5.1,CCN(CC)c1ccc2cc(C=O)c(=O)oc2c1
-5.0,CCOc1cc(=O)oc2ccc(Cl)cc12
-6.2,Cc1c2cc(Br)ccc2oc(=O)c1c1ccc(O)cc1
-5.5,Cc1cc2oc(=O)c([N+](=O)[O-])c(O)c2cc1Cl
-6.4,O=C1C[C@@H](c2ccccc2)Oc2cc(O)ccc21
-5.8,Cc1ccc2oc(=O)c(c3ccc(Br)cc3)c(C)c2c1
-6.1,COc1ccc2oc(=O)c(c3cccc(Cl)c3)c(C)c2c1
-6.0,Cc1c2ccccc2oc(=O)c1c1cccc(Cl)c1
-6.2,CCOc1ccc2cc(c3ccc(OC)cc3)c(=O)oc2c1
-5.5,COc1cccc2oc(=O)c(c3ccccc3)c(C)c12
-6.2,COc1ccc(-c2cc3ccc(OC)cc3oc2=O)cc1
-5.6,Cc1ccc2oc(=O)c(c3ccccc3Cl)c(C)c2c1
-7.0,CC(=O)Nc1ccccc1CCNC(=O)c1ccc2ccccc2c1O
-5.3,CC(=O)Nc1ccc(-c2csc(N)n2)cc1
-5.2,Cc1ccc(-c2n[nH]c(=S)n2N)cc1
-5.2,O=c1ccc(-c2ccc(Cl)cc2)n[nH]1
-5.9,Cc1ccc([C@@H](O)C#CC(O)(c2ccccc2)c2ccccc2)o1
-5.8,Cc1ccc(N)cc1N1C(=O)c2ccccc2C1=O
-5.8,NC(=O)c1ccc([C@@H]2SCC(=O)N2Cc2ccccc2)cc1
-6.1,N=c1c(C(N)=O)cc(Cl)c(C(=O)O)n1Cc1ccccc1
-5.8,O=C(O)/C=C/C(=O)Nc1ccc(-c2ccccc2)cc1
-5.7,O=C(Nc1ccc(Cl)cn1)c1ccc(Br)cc1
-5.9,CSc1nc2-c3c(CC4(c2c(=O)n1C)CCCC4)cccc3
-6.1,COC(=O)c1ccc2c(c1)C(=O)N(c1cccc(C(=O)OC)c1)C2=O
-5.7,O=C(Nc1ccc(Cl)cn1)c1cccc(Br)c1
-5.2,COc1ccc(NC(=O)c2cccs2)cc1
-6.2,Cc1ccc(Cl)cc1NC(=O)c1ccccc1[N+](=O)[O-]
-6.0,CCc1ccc(OC2=NS(=O)(=O)c3ccccc32)cc1
-6.1,CC(=O)c1ccc(NC(=O)c2cccc(Cl)c2)cc1
-5.3,Cc1ccc(C(=O)Nc2ccncc2)cc1
-5.7,O=C(Nc1ccccc1F)c1ccc(O)cc1
-5.5,CCOC(=O)C1=C(C)NC(=O)N[C@@H]1c1ccc2c(c1)OCO2
-5.4,O=C1CS[C@H](c2ccc(Br)cc2)N1c1ccccc1
-6.1,O=C1OC(=N/C/1=C/C=C/c1ccccc1)c1ccccc1
-6.0,Cc1ccc(C(=O)Nc2cccc([N+](=O)[O-])c2)o1
-6.0,O=C(NCc1ccc(Cl)cc1)c1ccc(Cl)c([N+](=O)[O-])c1
-5.6,Cc1cc(Br)ccc1NC(=O)c1ccccc1Cl
-5.5,COc1ccc(OC(=O)c2ccc(Cl)cc2)cc1
-6.4,COc1cccc(C(=O)Oc2ccc(OCc3ccccc3)cc2)c1
-4.9,O=[N+]([O-])/C=C/c1ccc(Cl)cc1Cl
-5.9,O=C(/C=C/c1ccccc1)Nc1ccccc1
-6.4,Cc1cccc(NC(=O)c2ccc([N+](=O)[O-])cc2)n1
-5.4,CCc1cccc(NC(=O)c2ccccc2Br)c1
-6.0,O=[N+]([O-])C1=Cc2ccccc2O[C@H]1c1c(Cl)cccc1Cl
-5.9,CCOc1ccc([C@H]2NCCc3c4ccccc4[nH]c23)cc1
-6.0,O=C(c1ccccc1Br)N1CCN(c2ccccn2)CC1
-6.0,COc1ccc(C)cc1NC(=O)c1c([N+](=O)[O-])cnn1C
-5.2,O=C(Nc1nccs1)c1ccc(Cl)cc1
-5.8,O=C(Nc1cccc2ccccc12)c1ccc(F)cc1
-6.2,Cc1ccc(N2C[C@H](C(=O)Nc3nccs3)CC2=O)cc1
-5.3,CCc1cccc(C)c1NC(=O)c1ccccc1OC(=O)C
-5.6,CC(=O)Oc1ccccc1C(=O)N[C@@H](C)c1ccccc1
-6.4,O=C(c1cc(Cl)ccc1Cl)N1CCN(c2ccccc2)CC1
-5.6,O=C(NCc1ccccn1)c1cc(Cl)ccc1Cl
-5.5,O=C(NC1CCCC1)c1cc(Cl)ccc1Cl
-5.7,CCN(CC)c1ccc(C(=O)Nc2ccc(F)c(Cl)c2)cc1
-5.5,CCN(CC)c1ccc(C(=O)n2nnc3ccccc32)cc1
-6.0,Cc1cc(Br)ccc1NC(=O)c1cccc(N(C)C)c1
-6.8,COC(=O)c1cc(C(=O)Nc2ccc(Cl)cc2)cc([N+](=O)[O-])c1
-6.6,CCc1ccc(NC(=O)c2cc(C(=O)OC)cc([N+](=O)[O-])c2)cc1
-5.9,C[C@@H]1CN(S(=O)(=O)c2cccc(C(=O)O)c2)C[C@H](C)O1
-5.9,CC1CCN(Cc2cc([N+](=O)[O-])c(O)c3ncccc23)CC1
-6.2,Cc1cc(C(=O)Nc2cccc(OC3CCCC3)c2)c(C)o1
-5.7,CN(C)Cc1ccc(C(=O)Oc2ccc(C(C)(C)C)cc2)cc1
-6.4,Oc1ccc(Cl)cc1C1=NCCNC(C(F)(F)C(F)F)=C1
-5.5,O[C@@]1(C(F)(F)F)CC(/C=C/c2cccs2)=NO1
-6.7,CC(=O)[C@H]1[C@@H]2[C@@H]3CO[C@@H](O3)C(=O)[C@@H]2[C@H]2C=Cc3ccccc3N12
-5.6,CCC(=O)Nc1sc2c(c1C(=O)N1CCOCC1)CC[C@@H](C)C2
-5.1,CC(=O)Oc1ccccc1C(=S)Nc1ccccc1
-4.8,O=C(CC1CCC1)Nc1ccc(I)cc1
-6.6,O=C(/C=C/c1ccc(c2ccccc2)cc1)NCc1cccnc1
-5.1,COc1ccc2c(c1OC)C(=O)O[C@H]2OC(C)=O
-5.6,COC(=O)c1c(C)[nH]c(C)c1-c1ccc(C)cc1
-5.5,COC(=O)c1c(C)[nH]c(C)c1-c1cccc([N+](=O)[O-])c1
-6.0,O=C(O)c1cccc(N2C(=O)c3cc(Cl)c(Cl)cc3C2=O)c1
-5.7,O=C(O)c1cccc(Oc2ccccc2[N+](=O)[O-])c1
-5.5,Cc1ccc(C)c(NC(=O)c2ccc(Br)cc2)c1
-6.9,COc1ccccc1N1C(=O)c2ccc(Oc3ccccc3)cc2C1=O
-6.0,COc1ccc2c(c1OC)C(=O)O[C@H]2Nc1ccc(NC(C)=O)cc1
-6.3,CCOc1ccc(N2C(=O)C[C@H](Nc3ccc(F)cc3)C2=O)cc1
-6.0,Cc1c(Cl)cccc1NC(=O)CSc1nc2ccccc2s1
-5.9,CCOC(=O)COc1ccc([C@@H]2NC(=O)NC(C)=C2C(=O)OC)cc1
-6.6,O=C1C[C@@H](NCc2ccco2)C(=O)N1c1ccc(F)cc1
-5.8,CC[C@@]1(C)OC(=O)N(c2ccc(C)cc2)[C@@]1(C)O
-5.4,CC[C@]1(C)OC(=O)N(Cc2ccco2)[C@@]1(C)O
-5.8,CC1(C)OC(=O)N(c2cccnc2)[C@]1(C)O
-5.5,CCOc1ccc(NC(=O)c2cc(SC)ccc2Cl)cc1
-4.6,COc1c(C)cccc1C(=O)Nc1nccs1
-5.5,O=C(O)c1cc(Br)ccc1NC(=O)c1cccs1
-5.9,O=C1[C@@H]2[C@H]3C=C[C@@H]([C@@H]2C(=O)N1c1ccccc1Br)C31CC1
-6.4,O=C(Nc1nc(-c2cccc([N+](=O)[O-])c2)cs1)c1ccncc1
-5.4,O=C(NC(=S)NCc1ccco1)c1ccccc1Cl
-6.0,O=C(NC(=S)NCCc1ccccc1)c1ccccc1
-5.7,COc1ccc(NC(=S)NC(=O)c2ccccc2)cc1
-6.3,Cc1ccc(C(=O)NC(=S)NCCc2ccccc2)cc1
-5.9,Cc1ccc(C(=O)NC(=S)Nc2cccc(Cl)c2C)cc1
-5.9,O=C(NC(=S)NCc1ccco1)c1ccc(Cl)cc1
-6.0,CC(=O)c1cccc(NC(=O)COc2cccc(C)c2)c1
-5.7,O=C(Nc1ccc2c(c1)OCO2)c1cccs1
-5.7,Cc1cc(OCC(=O)N(C)C2CCCCC2)ccc1Cl
-4.8,Fc1cc(F)c(F)c(SCCc2ccccn2)c1F
-5.9,O=C(COc1ccc([N+](=O)[O-])cc1)NCc1ccco1
-5.8,Cc1ccc(c2cc(N)n(Cc3cccc(Cl)c3)n2)cc1
-5.5,CCN(CC)C(=O)/C=C/c1cccc([N+](=O)[O-])c1
-5.9,COc1ccc2c(c1OC)C(=O)O[C@@H]2Nc1nc2c(s1)CCCC2
-6.3,Cc1ccc(/C=C/2\SC(=NC2=O)N2CCC(C)CC2)cc1
-5.8,Cc1cccc(NC(=O)/C=C/c2ccc(Cl)cc2)c1
-6.0,Cc1ccc(C)c(NC(=O)/C=C/c2ccc(Cl)cc2)c1
-6.1,Cc1cc(OCC(=O)Nc2ccccc2F)ccc1Br
-5.6,C[C@@H](NC(=O)/C=C/c1ccccc1Cl)c1ccccc1
-6.0,Nc1ccc(N2C(=O)c3cccc4cccc(c43)C2=O)cc1
-5.9,O=C1NC(=S)N/C1=C/c1cccc(OCc2ccccc2)c1
-5.5,O=S(=O)(Nc1ccccc1F)c1cc(Cl)ccc1Cl
-5.4,O=C(/C=C/c1ccccc1Cl)NC1CCCCC1
-6.3,CC(=C1[C@@H]2C=C[C@H]1[C@@H]1C(=O)N(c3cc([N+](=O)[O-])ccc3C)C(=O)[C@H]21)C
-6.6,O=C(/C=C/c1ccc2c(c1)OCO2)Nc1ccc(Br)cc1
-6.6,Cc1ccc(NC(=O)/C=C/c2ccc3c(c2)OCO3)cc1
-6.4,Cc1ccc(Cl)cc1N1C(=O)c2ccc3c4c(ccc(c24)C1=O)CC3
-5.2,CCOC(=O)c1c(NC(=O)c2cccs2)sc2c1CCCC2
-5.8,COc1ccc(C(=O)Nc2sc(C)c(C)c2C(N)=O)cc1
-5.8,Cc1cccc(C(=O)Nc2ccc(Cl)c(Cl)c2)c1
-5.2,Nc1ccccc1SCc1cn2cccnc2n1
-6.1,O=c1oc2c(cc(O)cc2c2ccc(Cl)cc2Cl)s1
-5.8,C[C@H](NC(=O)c1ccc(Cl)cc1Cl)c1ccccc1
-5.6,Cc1ccc(NC(=O)c2ccc(I)cc2)cc1
-6.2,Cc1sc(NC(=O)c2ccccc2[N+](=O)[O-])c(C(N)=O)c1C
-6.2,Cc1cccc(Oc2coc3cc(OCC(=O)O)ccc3c2=O)c1
-5.5,c1cc(N2CCOCC2)sc1-c1ccccc1
-5.6,O=C(O)c1nc2ccccc2c2ncccc12
-5.5,CCOC(=O)c1cc2cc(F)ccc2nc1C
-4.8,CCOC(=O)Nc1ccccc1NC(=O)OCC
-5.8,COc1cccc(C(=O)NC(=S)NCc2ccco2)c1
-5.9,Cc1c(Cl)c(O)c(C(C)C)cc1NS(=O)(=O)c1ccccc1
-5.9,Cc1cc(NS(=O)(=O)c2ccccc2)c(C(C)C)c(Cl)c1O
-6.5,CC1=C(C(=O)Nc2cccnc2)[C@@H](c2ccc(O)cc2)n2ncnc2N1
-5.9,COC(=O)C1=C(C)Nc2nnnn2[C@H]1c1ccc(Cl)cc1
-5.6,COC(=O)C1=C(C)Nc2nnnn2[C@@H]1c1ccccc1
-7.2,O=C(C[C@@H]1Nc2ccccc2NC1=O)Nc1cccc([N+](=O)[O-])c1
-6.2,COc1ccccc1NC(=O)C[C@@H]1Nc2cc(C)c(C)cc2NC1=O
-5.3,NC(=O)C[C@@H]1Sc2ccccc2NC1=O
-5.1,c1csc(c2csc(c3ccccc3)n2)c1
-5.6,Cc1nc(C(F)(F)F)ccc1NC(=O)/C=C/C(=O)O
-5.4,Cc1ccc(OC[C@@H](O)CNCc2ccco2)cc1C
-5.1,CCOC(=O)c1c(N2C(=O)CCC2=O)sc(C)c1c1ccccc1
-5.4,Cc1ccc(c2csc3ncnc(N4CCCCC4)c23)cc1
-6.0,CCCc1cnc(N2CCCN(C(=O)OC(C)(C)C)CC2)nc1
-6.3,CC1=C(C(=O)Nc2ccccc2)[C@H](c2cccnc2)n2nnnc2N1
-4.8,O=C(O)c1sc2ccccc2c1Cl
-5.3,CC(C)CNC(=O)[C@@H](C)c1ccc(CC(C)C)cc1
-6.2,Cc1nn(-c2ccccc2)c2sc(C(=O)NC[C@H]3CCCO3)cc12
-6.5,Cc1nn(c2ccccc2)c2sc(C(=O)NCc3cccnc3)cc12
-6.6,O=C(CSc1ncnc2[nH]cnc21)c1ccc(O)c(O)c1
-5.2,COC(=O)C1=C(C)N(C)C(=O)N[C@H]1c1ccc(Br)cc1
-5.9,CCOC(=O)C1=C(C)N(C)C(=O)N[C@H]1c1cccc(C(F)(F)F)c1
-5.7,C[C@@H]1CN(c2nc3ccc([N+](=O)[O-])cc3s2)C[C@@H](C)O1
-5.4,CCN1C(=O)N[C@H](c2ccc(OC(F)F)cc2)C(C(=O)OC)=C1C
